score,silhouette,num_clusters,clustered_percentage,noise_rate,min_cluster_size,min_samples,method,eps,metric
0.5490329411710342,0.38329464197158813,3285,0.6024223059697417,0.39757769403025833,5,1,eom,0.0,euclidean
0.056032479002244076,-0.41950300335884094,25,0.9989486045114424,0.00105139548855754,5,1,eom,0.02,euclidean
0.5106592768974506,0.29247573018074036,3,0.9997542192364411,0.00024578076355890547,5,1,eom,0.05,euclidean
0.552773507487475,0.35549020767211914,2,0.9997678737233054,0.00023212627669452182,5,1,eom,0.1,euclidean
0.552773507487475,0.35549020767211914,2,0.9997678737233054,0.00023212627669452182,5,1,eom,0.2,euclidean
0.552773507487475,0.35549020767211914,2,0.9997678737233054,0.00023212627669452182,5,1,eom,0.3,euclidean
0.5284757473699073,0.3985598385334015,3983,0.4982795346550877,0.5017204653449123,5,1,leaf,0.0,euclidean
0.056032479002244076,-0.41950300335884094,25,0.9989486045114424,0.00105139548855754,5,1,leaf,0.02,euclidean
0.5106592768974506,0.29247573018074036,3,0.9997542192364411,0.00024578076355890547,5,1,leaf,0.05,euclidean
0.552773507487475,0.35549020767211914,2,0.9997678737233054,0.00023212627669452182,5,1,leaf,0.1,euclidean
0.552773507487475,0.35549020767211914,2,0.9997678737233054,0.00023212627669452182,5,1,leaf,0.2,euclidean
0.552773507487475,0.35549020767211914,2,0.9997678737233054,0.00023212627669452182,5,1,leaf,0.3,euclidean
0.5586143150517887,0.4196702241897583,2534,0.5494838603965263,0.4505161396034737,5,2,eom,0.0,euclidean
0.05728980797379797,-0.4205171465873718,26,0.9988393686165274,0.001160631383472609,5,2,eom,0.02,euclidean
0.5106592768974506,0.29247573018074036,3,0.9997542192364411,0.00024578076355890547,5,2,eom,0.05,euclidean
0.552773507487475,0.35549020767211914,2,0.9997678737233054,0.00023212627669452182,5,2,eom,0.1,euclidean
0.552773507487475,0.35549020767211914,2,0.9997678737233054,0.00023212627669452182,5,2,eom,0.2,euclidean
0.552773507487475,0.35549020767211914,2,0.9997678737233054,0.00023212627669452182,5,2,eom,0.3,euclidean
0.5455035828682666,0.4529232382774353,3173,0.4281910535802065,0.5718089464197935,5,2,leaf,0.0,euclidean
0.05728980797379797,-0.4205171465873718,26,0.9988393686165274,0.001160631383472609,5,2,leaf,0.02,euclidean
0.5106592768974506,0.29247573018074036,3,0.9997542192364411,0.00024578076355890547,5,2,leaf,0.05,euclidean
0.552773507487475,0.35549020767211914,2,0.9997678737233054,0.00023212627669452182,5,2,leaf,0.1,euclidean
0.552773507487475,0.35549020767211914,2,0.9997678737233054,0.00023212627669452182,5,2,leaf,0.2,euclidean
0.552773507487475,0.35549020767211914,2,0.9997678737233054,0.00023212627669452182,5,2,leaf,0.3,euclidean
0.5823546671391744,0.4770863354206085,1305,0.4946474411491616,0.5053525588508384,5,5,eom,0.0,euclidean
0.06652439687268848,-0.40123021602630615,24,0.9979518269703425,0.0020481730296575454,5,5,eom,0.02,euclidean
0.5106592768974506,0.29247573018074036,3,0.9997542192364411,0.00024578076355890547,5,5,eom,0.05,euclidean
0.552773507487475,0.35549020767211914,2,0.9997678737233054,0.00023212627669452182,5,5,eom,0.1,euclidean
0.552773507487475,0.35549020767211914,2,0.9997678737233054,0.00023212627669452182,5,5,eom,0.2,euclidean
0.552773507487475,0.35549020767211914,2,0.9997678737233054,0.00023212627669452182,5,5,eom,0.3,euclidean
0.5918382568631273,0.559821605682373,1679,0.3332104429515539,0.6667895570484461,5,5,leaf,0.0,euclidean
0.06652439687268848,-0.40123021602630615,24,0.9979518269703425,0.0020481730296575454,5,5,leaf,0.02,euclidean
0.5106592768974506,0.29247573018074036,3,0.9997542192364411,0.00024578076355890547,5,5,leaf,0.05,euclidean
0.552773507487475,0.35549020767211914,2,0.9997678737233054,0.00023212627669452182,5,5,leaf,0.1,euclidean
0.552773507487475,0.35549020767211914,2,0.9997678737233054,0.00023212627669452182,5,5,leaf,0.2,euclidean
0.552773507487475,0.35549020767211914,2,0.9997678737233054,0.00023212627669452182,5,5,leaf,0.3,euclidean
0.6281042678256943,0.5422849059104919,673,0.4950161122945,0.5049838877055001,5,10,eom,0.0,euclidean
0.11308590549411257,-0.3193396031856537,19,0.9954120924135671,0.004587907586432902,5,10,eom,0.02,euclidean
0.5106568628756429,0.29248398542404175,3,0.9997269102627123,0.0002730897372876727,5,10,eom,0.05,euclidean
0.5378470277137958,0.3341725170612335,2,0.9997542192364411,0.00024578076355890547,5,10,eom,0.1,euclidean
0.5378470277137958,0.3341725170612335,2,0.9997542192364411,0.00024578076355890547,5,10,eom,0.2,euclidean
0.5378470277137958,0.3341725170612335,2,0.9997542192364411,0.00024578076355890547,5,10,eom,0.3,euclidean
0.6243739769788095,0.6113923788070679,884,0.3213310393795401,0.6786689606204599,5,10,leaf,0.0,euclidean
0.11308590549411257,-0.3193396031856537,19,0.9954120924135671,0.004587907586432902,5,10,leaf,0.02,euclidean
0.5106568628756429,0.29248398542404175,3,0.9997269102627123,0.0002730897372876727,5,10,leaf,0.05,euclidean
0.5378470277137958,0.3341725170612335,2,0.9997542192364411,0.00024578076355890547,5,10,leaf,0.1,euclidean
0.5378470277137958,0.3341725170612335,2,0.9997542192364411,0.00024578076355890547,5,10,leaf,0.2,euclidean
0.5378470277137958,0.3341725170612335,2,0.9997542192364411,0.00024578076355890547,5,10,leaf,0.3,euclidean
0.6137171650526662,0.5234055519104004,496,0.4911109290512862,0.5088890709487137,5,15,eom,0.0,euclidean
0.15149721930725504,-0.251726895570755,15,0.9923534873559452,0.007646512644054837,5,15,eom,0.02,euclidean
0.4923568530289556,0.2634839713573456,4,0.9997269102627123,0.0002730897372876727,5,15,eom,0.05,euclidean
0.5378470277137958,0.3341725170612335,2,0.9997542192364411,0.00024578076355890547,5,15,eom,0.1,euclidean
0.5378470277137958,0.3341725170612335,2,0.9997542192364411,0.00024578076355890547,5,15,eom,0.2,euclidean
0.5378470277137958,0.3341725170612335,2,0.9997542192364411,0.00024578076355890547,5,15,eom,0.3,euclidean
0.6401254060628588,0.6359016299247742,647,0.31664755038505654,0.6833524496149435,5,15,leaf,0.0,euclidean
0.15149721930725504,-0.251726895570755,15,0.9923534873559452,0.007646512644054837,5,15,leaf,0.02,euclidean
0.4923568530289556,0.2634839713573456,4,0.9997269102627123,0.0002730897372876727,5,15,leaf,0.05,euclidean
0.5378470277137958,0.3341725170612335,2,0.9997542192364411,0.00024578076355890547,5,15,leaf,0.1,euclidean
0.5378470277137958,0.3341725170612335,2,0.9997542192364411,0.00024578076355890547,5,15,leaf,0.2,euclidean
0.5378470277137958,0.3341725170612335,2,0.9997542192364411,0.00024578076355890547,5,15,leaf,0.3,euclidean
0.5722474226512304,0.424323171377182,1261,0.58407067562401,0.41592932437598995,10,1,eom,0.0,euclidean
0.07116545086810963,-0.3776094317436218,18,0.9983068436288164,0.001693156371183571,10,1,eom,0.02,euclidean
0.5106592768974506,0.29247573018074036,3,0.9997542192364411,0.00024578076355890547,10,1,eom,0.05,euclidean
0.552773507487475,0.35549020767211914,2,0.9997678737233054,0.00023212627669452182,10,1,eom,0.1,euclidean
0.552773507487475,0.35549020767211914,2,0.9997678737233054,0.00023212627669452182,10,1,eom,0.2,euclidean
0.552773507487475,0.35549020767211914,2,0.9997678737233054,0.00023212627669452182,10,1,eom,0.3,euclidean
0.5426576835736473,0.43679100275039673,1583,0.4563466054945655,0.5436533945054345,10,1,leaf,0.0,euclidean
0.07116545086810963,-0.3776094317436218,18,0.9983068436288164,0.001693156371183571,10,1,leaf,0.02,euclidean
0.5106592768974506,0.29247573018074036,3,0.9997542192364411,0.00024578076355890547,10,1,leaf,0.05,euclidean
0.552773507487475,0.35549020767211914,2,0.9997678737233054,0.00023212627669452182,10,1,leaf,0.1,euclidean
0.552773507487475,0.35549020767211914,2,0.9997678737233054,0.00023212627669452182,10,1,leaf,0.2,euclidean
0.552773507487475,0.35549020767211914,2,0.9997678737233054,0.00023212627669452182,10,1,leaf,0.3,euclidean
0.580435310811776,0.4501349925994873,1069,0.5511360533071167,0.44886394669288326,10,2,eom,0.0,euclidean
0.07242522064986709,-0.37862008810043335,19,0.9981976077339013,0.00180239226609864,10,2,eom,0.02,euclidean
0.5106592768974506,0.29247573018074036,3,0.9997542192364411,0.00024578076355890547,10,2,eom,0.05,euclidean
0.552773507487475,0.35549020767211914,2,0.9997678737233054,0.00023212627669452182,10,2,eom,0.1,euclidean
0.552773507487475,0.35549020767211914,2,0.9997678737233054,0.00023212627669452182,10,2,eom,0.2,euclidean
0.552773507487475,0.35549020767211914,2,0.9997678737233054,0.00023212627669452182,10,2,eom,0.3,euclidean
0.5600897281688099,0.47872301936149597,1350,0.41661204871920915,0.5833879512807909,10,2,leaf,0.0,euclidean
0.07242522064986709,-0.37862008810043335,19,0.9981976077339013,0.00180239226609864,10,2,leaf,0.02,euclidean
0.5106592768974506,0.29247573018074036,3,0.9997542192364411,0.00024578076355890547,10,2,leaf,0.05,euclidean
0.552773507487475,0.35549020767211914,2,0.9997678737233054,0.00023212627669452182,10,2,leaf,0.1,euclidean
0.552773507487475,0.35549020767211914,2,0.9997678737233054,0.00023212627669452182,10,2,leaf,0.2,euclidean
0.552773507487475,0.35549020767211914,2,0.9997678737233054,0.00023212627669452182,10,2,leaf,0.3,euclidean
0.6229962709271163,0.5270642638206482,747,0.5135042875088754,0.4864957124911246,10,5,eom,0.0,euclidean
0.07827845693497934,-0.369936466217041,19,0.9974466109563602,0.00255338904363974,10,5,eom,0.02,euclidean
0.5106592768974506,0.29247573018074036,3,0.9997542192364411,0.00024578076355890547,10,5,eom,0.05,euclidean
0.552773507487475,0.35549020767211914,2,0.9997678737233054,0.00023212627669452182,10,5,eom,0.1,euclidean
0.552773507487475,0.35549020767211914,2,0.9997678737233054,0.00023212627669452182,10,5,eom,0.2,euclidean
0.552773507487475,0.35549020767211914,2,0.9997678737233054,0.00023212627669452182,10,5,eom,0.3,euclidean
0.6072210198589061,0.5654935240745544,934,0.3712518433557267,0.6287481566442733,10,5,leaf,0.0,euclidean
0.07827845693497934,-0.369936466217041,19,0.9974466109563602,0.00255338904363974,10,5,leaf,0.02,euclidean
0.5106592768974506,0.29247573018074036,3,0.9997542192364411,0.00024578076355890547,10,5,leaf,0.05,euclidean
0.552773507487475,0.35549020767211914,2,0.9997678737233054,0.00023212627669452182,10,5,leaf,0.1,euclidean
0.552773507487475,0.35549020767211914,2,0.9997678737233054,0.00023212627669452182,10,5,leaf,0.2,euclidean
0.552773507487475,0.35549020767211914,2,0.9997678737233054,0.00023212627669452182,10,5,leaf,0.3,euclidean
0.6357920679746446,0.5515353083610535,583,0.49905784040635753,0.5009421595936425,10,10,eom,0.0,euclidean
0.11308590549411257,-0.3193396031856537,19,0.9954120924135671,0.004587907586432902,10,10,eom,0.02,euclidean
0.5106568628756429,0.29248398542404175,3,0.9997269102627123,0.0002730897372876727,10,10,eom,0.05,euclidean
0.5378470277137958,0.3341725170612335,2,0.9997542192364411,0.00024578076355890547,10,10,eom,0.1,euclidean
0.5378470277137958,0.3341725170612335,2,0.9997542192364411,0.00024578076355890547,10,10,eom,0.2,euclidean
0.5378470277137958,0.3341725170612335,2,0.9997542192364411,0.00024578076355890547,10,10,eom,0.3,euclidean
0.6356508005579514,0.6108358502388,707,0.3602190179693047,0.6397809820306953,10,10,leaf,0.0,euclidean
0.11308590549411257,-0.3193396031856537,19,0.9954120924135671,0.004587907586432902,10,10,leaf,0.02,euclidean
0.5106568628756429,0.29248398542404175,3,0.9997269102627123,0.0002730897372876727,10,10,leaf,0.05,euclidean
0.5378470277137958,0.3341725170612335,2,0.9997542192364411,0.00024578076355890547,10,10,leaf,0.1,euclidean
0.5378470277137958,0.3341725170612335,2,0.9997542192364411,0.00024578076355890547,10,10,leaf,0.2,euclidean
0.5378470277137958,0.3341725170612335,2,0.9997542192364411,0.00024578076355890547,10,10,leaf,0.3,euclidean
0.621736129863954,0.5321751832962036,422,0.49737833852203833,0.5026216614779616,10,15,eom,0.0,euclidean
0.15149721930725504,-0.251726895570755,15,0.9923534873559452,0.007646512644054837,10,15,eom,0.02,euclidean
0.4923568530289556,0.2634839713573456,4,0.9997269102627123,0.0002730897372876727,10,15,eom,0.05,euclidean
0.5378470277137958,0.3341725170612335,2,0.9997542192364411,0.00024578076355890547,10,15,eom,0.1,euclidean
0.5378470277137958,0.3341725170612335,2,0.9997542192364411,0.00024578076355890547,10,15,eom,0.2,euclidean
0.5378470277137958,0.3341725170612335,2,0.9997542192364411,0.00024578076355890547,10,15,eom,0.3,euclidean
0.6456704165697996,0.62800532579422,520,0.3535556283794855,0.6464443716205145,10,15,leaf,0.0,euclidean
0.15149721930725504,-0.251726895570755,15,0.9923534873559452,0.007646512644054837,10,15,leaf,0.02,euclidean
0.4923568530289556,0.2634839713573456,4,0.9997269102627123,0.0002730897372876727,10,15,leaf,0.05,euclidean
0.5378470277137958,0.3341725170612335,2,0.9997542192364411,0.00024578076355890547,10,15,leaf,0.1,euclidean
0.5378470277137958,0.3341725170612335,2,0.9997542192364411,0.00024578076355890547,10,15,leaf,0.2,euclidean
0.5378470277137958,0.3341725170612335,2,0.9997542192364411,0.00024578076355890547,10,15,leaf,0.3,euclidean
0.5889675956592391,0.4476063847541809,566,0.5854770877710416,0.41452291222895843,20,1,eom,0.0,euclidean
0.18637472066106944,-0.19258001446723938,11,0.9972691026271233,0.0027308973728767272,20,1,eom,0.02,euclidean
0.5106592768974506,0.29247573018074036,3,0.9997542192364411,0.00024578076355890547,20,1,eom,0.05,euclidean
0.552773507487475,0.35549020767211914,2,0.9997678737233054,0.00023212627669452182,20,1,eom,0.1,euclidean
0.552773507487475,0.35549020767211914,2,0.9997678737233054,0.00023212627669452182,20,1,eom,0.2,euclidean
0.552773507487475,0.35549020767211914,2,0.9997678737233054,0.00023212627669452182,20,1,eom,0.3,euclidean
0.5770307406131193,0.48118457198143005,693,0.46733846742039437,0.5326615325796057,20,1,leaf,0.0,euclidean
0.18637472066106944,-0.19258001446723938,11,0.9972691026271233,0.0027308973728767272,20,1,leaf,0.02,euclidean
0.5106592768974506,0.29247573018074036,3,0.9997542192364411,0.00024578076355890547,20,1,leaf,0.05,euclidean
0.552773507487475,0.35549020767211914,2,0.9997678737233054,0.00023212627669452182,20,1,leaf,0.1,euclidean
0.552773507487475,0.35549020767211914,2,0.9997678737233054,0.00023212627669452182,20,1,leaf,0.2,euclidean
0.552773507487475,0.35549020767211914,2,0.9997678737233054,0.00023212627669452182,20,1,leaf,0.3,euclidean
0.5968335724450243,0.47195765376091003,521,0.5548773827079578,0.44512261729204217,20,2,eom,0.0,euclidean
0.17078565062339554,-0.21766044199466705,12,0.9971598667322082,0.0028401332677917964,20,2,eom,0.02,euclidean
0.5106592768974506,0.29247573018074036,3,0.9997542192364411,0.00024578076355890547,20,2,eom,0.05,euclidean
0.552773507487475,0.35549020767211914,2,0.9997678737233054,0.00023212627669452182,20,2,eom,0.1,euclidean
0.552773507487475,0.35549020767211914,2,0.9997678737233054,0.00023212627669452182,20,2,eom,0.2,euclidean
0.552773507487475,0.35549020767211914,2,0.9997678737233054,0.00023212627669452182,20,2,eom,0.3,euclidean
0.5891411202678167,0.5107975602149963,631,0.43860942705773115,0.5613905729422688,20,2,leaf,0.0,euclidean
0.17078565062339554,-0.21766044199466705,12,0.9971598667322082,0.0028401332677917964,20,2,leaf,0.02,euclidean
0.5106592768974506,0.29247573018074036,3,0.9997542192364411,0.00024578076355890547,20,2,leaf,0.05,euclidean
0.552773507487475,0.35549020767211914,2,0.9997678737233054,0.00023212627669452182,20,2,leaf,0.1,euclidean
0.552773507487475,0.35549020767211914,2,0.9997678737233054,0.00023212627669452182,20,2,leaf,0.2,euclidean
0.552773507487475,0.35549020767211914,2,0.9997678737233054,0.00023212627669452182,20,2,leaf,0.3,euclidean
0.6248299592150326,0.5289698839187622,439,0.5151701349063302,0.48482986509366977,20,5,eom,0.0,euclidean
0.19296403733871031,-0.18565517663955688,12,0.9964088699546672,0.0035911300453328964,20,5,eom,0.02,euclidean
0.5106592768974506,0.29247573018074036,3,0.9997542192364411,0.00024578076355890547,20,5,eom,0.05,euclidean
0.552773507487475,0.35549020767211914,2,0.9997678737233054,0.00023212627669452182,20,5,eom,0.1,euclidean
0.552773507487475,0.35549020767211914,2,0.9997678737233054,0.00023212627669452182,20,5,eom,0.2,euclidean
0.552773507487475,0.35549020767211914,2,0.9997678737233054,0.00023212627669452182,20,5,eom,0.3,euclidean
0.6134922494004246,0.5589740872383118,522,0.4073679611120214,0.5926320388879786,20,5,leaf,0.0,euclidean
0.19296403733871031,-0.18565517663955688,12,0.9964088699546672,0.0035911300453328964,20,5,leaf,0.02,euclidean
0.5106592768974506,0.29247573018074036,3,0.9997542192364411,0.00024578076355890547,20,5,leaf,0.05,euclidean
0.552773507487475,0.35549020767211914,2,0.9997678737233054,0.00023212627669452182,20,5,leaf,0.1,euclidean
0.552773507487475,0.35549020767211914,2,0.9997678737233054,0.00023212627669452182,20,5,leaf,0.2,euclidean
0.552773507487475,0.35549020767211914,2,0.9997678737233054,0.00023212627669452182,20,5,leaf,0.3,euclidean
0.6411199230015248,0.5632955431938171,383,0.48937680921950955,0.5106231907804905,20,10,eom,0.0,euclidean
0.15209294911477284,-0.24894331395626068,14,0.9945108962805178,0.005489103719482222,20,10,eom,0.02,euclidean
0.5106568628756429,0.29248398542404175,3,0.9997269102627123,0.0002730897372876727,20,10,eom,0.05,euclidean
0.5378470277137958,0.3341725170612335,2,0.9997542192364411,0.00024578076355890547,20,10,eom,0.1,euclidean
0.5378470277137958,0.3341725170612335,2,0.9997542192364411,0.00024578076355890547,20,10,eom,0.2,euclidean
0.5378470277137958,0.3341725170612335,2,0.9997542192364411,0.00024578076355890547,20,10,eom,0.3,euclidean
0.6358418832924176,0.6005226969718933,443,0.3849199847069747,0.6150800152930253,20,10,leaf,0.0,euclidean
0.15209294911477284,-0.24894331395626068,14,0.9945108962805178,0.005489103719482222,20,10,leaf,0.02,euclidean
0.5106568628756429,0.29248398542404175,3,0.9997269102627123,0.0002730897372876727,20,10,leaf,0.05,euclidean
0.5378470277137958,0.3341725170612335,2,0.9997542192364411,0.00024578076355890547,20,10,leaf,0.1,euclidean
0.5378470277137958,0.3341725170612335,2,0.9997542192364411,0.00024578076355890547,20,10,leaf,0.2,euclidean
0.5378470277137958,0.3341725170612335,2,0.9997542192364411,0.00024578076355890547,20,10,leaf,0.3,euclidean
0.6359896520796358,0.5500327348709106,329,0.5032224588999945,0.49677754110000544,20,15,eom,0.0,euclidean
0.15149721930725504,-0.251726895570755,15,0.9923534873559452,0.007646512644054837,20,15,eom,0.02,euclidean
0.4923568530289556,0.2634839713573456,4,0.9997269102627123,0.0002730897372876727,20,15,eom,0.05,euclidean
0.5378470277137958,0.3341725170612335,2,0.9997542192364411,0.00024578076355890547,20,15,eom,0.1,euclidean
0.5378470277137958,0.3341725170612335,2,0.9997542192364411,0.00024578076355890547,20,15,eom,0.2,euclidean
0.5378470277137958,0.3341725170612335,2,0.9997542192364411,0.00024578076355890547,20,15,eom,0.3,euclidean
0.6444331044869873,0.6143758893013,393,0.38123327325359113,0.6187667267464089,20,15,leaf,0.0,euclidean
0.15149721930725504,-0.251726895570755,15,0.9923534873559452,0.007646512644054837,20,15,leaf,0.02,euclidean
0.4923568530289556,0.2634839713573456,4,0.9997269102627123,0.0002730897372876727,20,15,leaf,0.05,euclidean
0.5378470277137958,0.3341725170612335,2,0.9997542192364411,0.00024578076355890547,20,15,leaf,0.1,euclidean
0.5378470277137958,0.3341725170612335,2,0.9997542192364411,0.00024578076355890547,20,15,leaf,0.2,euclidean
0.5378470277137958,0.3341725170612335,2,0.9997542192364411,0.00024578076355890547,20,15,leaf,0.3,euclidean
0.6018554092024889,0.4731276333332062,390,0.5688868862308154,0.43111311376918454,30,1,eom,0.0,euclidean
0.30328506277058676,-0.011092264205217361,6,0.996832159047463,0.0031678409525370036,30,1,eom,0.02,euclidean
0.552773507487475,0.35549020767211914,2,0.9997678737233054,0.00023212627669452182,30,1,eom,0.05,euclidean
0.552773507487475,0.35549020767211914,2,0.9997678737233054,0.00023212627669452182,30,1,eom,0.1,euclidean
0.552773507487475,0.35549020767211914,2,0.9997678737233054,0.00023212627669452182,30,1,eom,0.2,euclidean
0.552773507487475,0.35549020767211914,2,0.9997678737233054,0.00023212627669452182,30,1,eom,0.3,euclidean
0.5836243830327028,0.49188563227653503,468,0.4643481347970943,0.5356518652029056,30,1,leaf,0.0,euclidean
0.30328506277058676,-0.011092264205217361,6,0.996832159047463,0.0031678409525370036,30,1,leaf,0.02,euclidean
0.552773507487475,0.35549020767211914,2,0.9997678737233054,0.00023212627669452182,30,1,leaf,0.05,euclidean
0.552773507487475,0.35549020767211914,2,0.9997678737233054,0.00023212627669452182,30,1,leaf,0.1,euclidean
0.552773507487475,0.35549020767211914,2,0.9997678737233054,0.00023212627669452182,30,1,leaf,0.2,euclidean
0.552773507487475,0.35549020767211914,2,0.9997678737233054,0.00023212627669452182,30,1,leaf,0.3,euclidean
0.6043730575618793,0.48800092935562134,364,0.5425746900431482,0.4574253099568518,30,2,eom,0.0,euclidean
0.23583729977785378,-0.1102682426571846,7,0.9967502321262767,0.0032497678737233053,30,2,eom,0.02,euclidean
0.552773507487475,0.35549020767211914,2,0.9997678737233054,0.00023212627669452182,30,2,eom,0.05,euclidean
0.552773507487475,0.35549020767211914,2,0.9997678737233054,0.00023212627669452182,30,2,eom,0.1,euclidean
0.552773507487475,0.35549020767211914,2,0.9997678737233054,0.00023212627669452182,30,2,eom,0.2,euclidean
0.552773507487475,0.35549020767211914,2,0.9997678737233054,0.00023212627669452182,30,2,eom,0.3,euclidean
0.5954811120168041,0.5149683356285095,423,0.4500109235894915,0.5499890764105085,30,2,leaf,0.0,euclidean
0.23583729977785378,-0.1102682426571846,7,0.9967502321262767,0.0032497678737233053,30,2,leaf,0.02,euclidean
0.552773507487475,0.35549020767211914,2,0.9997678737233054,0.00023212627669452182,30,2,leaf,0.05,euclidean
0.552773507487475,0.35549020767211914,2,0.9997678737233054,0.00023212627669452182,30,2,leaf,0.1,euclidean
0.552773507487475,0.35549020767211914,2,0.9997678737233054,0.00023212627669452182,30,2,leaf,0.2,euclidean
0.552773507487475,0.35549020767211914,2,0.9997678737233054,0.00023212627669452182,30,2,leaf,0.3,euclidean
0.6344121229252072,0.544619083404541,307,0.5105958818067617,0.4894041181932383,30,5,eom,0.0,euclidean
0.28267015567357456,-0.043141789734363556,7,0.9962313616254301,0.0037686383745698837,30,5,eom,0.02,euclidean
0.552773507487475,0.35549020767211914,2,0.9997678737233054,0.00023212627669452182,30,5,eom,0.05,euclidean
0.552773507487475,0.35549020767211914,2,0.9997678737233054,0.00023212627669452182,30,5,eom,0.1,euclidean
0.552773507487475,0.35549020767211914,2,0.9997678737233054,0.00023212627669452182,30,5,eom,0.2,euclidean
0.552773507487475,0.35549020767211914,2,0.9997678737233054,0.00023212627669452182,30,5,eom,0.3,euclidean
0.6203474681210991,0.567520797252655,362,0.41027636681413515,0.5897236331858648,30,5,leaf,0.0,euclidean
0.28267015567357456,-0.043141789734363556,7,0.9962313616254301,0.0037686383745698837,30,5,leaf,0.02,euclidean
0.552773507487475,0.35549020767211914,2,0.9997678737233054,0.00023212627669452182,30,5,leaf,0.05,euclidean
0.552773507487475,0.35549020767211914,2,0.9997678737233054,0.00023212627669452182,30,5,leaf,0.1,euclidean
0.552773507487475,0.35549020767211914,2,0.9997678737233054,0.00023212627669452182,30,5,leaf,0.2,euclidean
0.552773507487475,0.35549020767211914,2,0.9997678737233054,0.00023212627669452182,30,5,leaf,0.3,euclidean
0.6490145594394345,0.574661374092102,281,0.48917199191654376,0.5108280080834562,30,10,eom,0.0,euclidean
0.22444217651729872,-0.1313132643699646,9,0.9945382052542465,0.0054617947457534545,30,10,eom,0.02,euclidean
0.5528172523041308,0.35573410987854004,2,0.9993445846305096,0.0006554153694904145,30,10,eom,0.05,euclidean
0.5528172523041308,0.35573410987854004,2,0.9993445846305096,0.0006554153694904145,30,10,eom,0.1,euclidean
0.5528172523041308,0.35573410987854004,2,0.9993445846305096,0.0006554153694904145,30,10,eom,0.2,euclidean
0.5528172523041308,0.35573410987854004,2,0.9993445846305096,0.0006554153694904145,30,10,eom,0.3,euclidean
0.6269796216339434,0.5822327733039856,322,0.39805560107051174,0.6019443989294883,30,10,leaf,0.0,euclidean
0.22444217651729872,-0.1313132643699646,9,0.9945382052542465,0.0054617947457534545,30,10,leaf,0.02,euclidean
0.5528172523041308,0.35573410987854004,2,0.9993445846305096,0.0006554153694904145,30,10,leaf,0.05,euclidean
0.5528172523041308,0.35573410987854004,2,0.9993445846305096,0.0006554153694904145,30,10,leaf,0.1,euclidean
0.5528172523041308,0.35573410987854004,2,0.9993445846305096,0.0006554153694904145,30,10,leaf,0.2,euclidean
0.5528172523041308,0.35573410987854004,2,0.9993445846305096,0.0006554153694904145,30,10,leaf,0.3,euclidean
0.6451234400760691,0.5654802918434143,243,0.49762411928559724,0.5023758807144028,30,15,eom,0.0,euclidean
0.1983624290938985,-0.17012806236743927,10,0.9915069091703533,0.008493090829646622,30,15,eom,0.02,euclidean
0.5215845574398579,0.3082588315010071,3,0.9993445846305096,0.0006554153694904145,30,15,eom,0.05,euclidean
0.5528172523041308,0.35573410987854004,2,0.9993445846305096,0.0006554153694904145,30,15,eom,0.1,euclidean
0.5528172523041308,0.35573410987854004,2,0.9993445846305096,0.0006554153694904145,30,15,eom,0.2,euclidean
0.5528172523041308,0.35573410987854004,2,0.9993445846305096,0.0006554153694904145,30,15,eom,0.3,euclidean
0.646720404018833,0.6146765351295471,291,0.3881560980938336,0.6118439019061663,30,15,leaf,0.0,euclidean
0.1983624290938985,-0.17012806236743927,10,0.9915069091703533,0.008493090829646622,30,15,leaf,0.02,euclidean
0.5215845574398579,0.3082588315010071,3,0.9993445846305096,0.0006554153694904145,30,15,leaf,0.05,euclidean
0.5528172523041308,0.35573410987854004,2,0.9993445846305096,0.0006554153694904145,30,15,leaf,0.1,euclidean
0.5528172523041308,0.35573410987854004,2,0.9993445846305096,0.0006554153694904145,30,15,leaf,0.2,euclidean
0.5528172523041308,0.35573410987854004,2,0.9993445846305096,0.0006554153694904145,30,15,leaf,0.3,euclidean
0.6019989376739656,0.47419875860214233,329,0.5668660221748867,0.4331339778251133,36,1,eom,0.0,euclidean
0.30328506277058676,-0.011092264205217361,6,0.996832159047463,0.0031678409525370036,36,1,eom,0.02,euclidean
0.552773507487475,0.35549020767211914,2,0.9997678737233054,0.00023212627669452182,36,1,eom,0.05,euclidean
0.552773507487475,0.35549020767211914,2,0.9997678737233054,0.00023212627669452182,36,1,eom,0.1,euclidean
0.552773507487475,0.35549020767211914,2,0.9997678737233054,0.00023212627669452182,36,1,eom,0.2,euclidean
0.552773507487475,0.35549020767211914,2,0.9997678737233054,0.00023212627669452182,36,1,eom,0.3,euclidean
0.5871625881809963,0.4931715726852417,386,0.47314162433775736,0.5268583756622426,36,1,leaf,0.0,euclidean
0.30328506277058676,-0.011092264205217361,6,0.996832159047463,0.0031678409525370036,36,1,leaf,0.02,euclidean
0.552773507487475,0.35549020767211914,2,0.9997678737233054,0.00023212627669452182,36,1,leaf,0.05,euclidean
0.552773507487475,0.35549020767211914,2,0.9997678737233054,0.00023212627669452182,36,1,leaf,0.1,euclidean
0.552773507487475,0.35549020767211914,2,0.9997678737233054,0.00023212627669452182,36,1,leaf,0.2,euclidean
0.552773507487475,0.35549020767211914,2,0.9997678737233054,0.00023212627669452182,36,1,leaf,0.3,euclidean
0.6234094747320347,0.516588568687439,296,0.5393249221694248,0.46067507783057515,36,2,eom,0.0,euclidean
0.23583729977785378,-0.1102682426571846,7,0.9967502321262767,0.0032497678737233053,36,2,eom,0.02,euclidean
0.552773507487475,0.35549020767211914,2,0.9997678737233054,0.00023212627669452182,36,2,eom,0.05,euclidean
0.552773507487475,0.35549020767211914,2,0.9997678737233054,0.00023212627669452182,36,2,eom,0.1,euclidean
0.552773507487475,0.35549020767211914,2,0.9997678737233054,0.00023212627669452182,36,2,eom,0.2,euclidean
0.552773507487475,0.35549020767211914,2,0.9997678737233054,0.00023212627669452182,36,2,eom,0.3,euclidean
0.598358001318131,0.5192186236381531,349,0.4496832159047463,0.5503167840952538,36,2,leaf,0.0,euclidean
0.23583729977785378,-0.1102682426571846,7,0.9967502321262767,0.0032497678737233053,36,2,leaf,0.02,euclidean
0.552773507487475,0.35549020767211914,2,0.9997678737233054,0.00023212627669452182,36,2,leaf,0.05,euclidean
0.552773507487475,0.35549020767211914,2,0.9997678737233054,0.00023212627669452182,36,2,leaf,0.1,euclidean
0.552773507487475,0.35549020767211914,2,0.9997678737233054,0.00023212627669452182,36,2,leaf,0.2,euclidean
0.552773507487475,0.35549020767211914,2,0.9997678737233054,0.00023212627669452182,36,2,leaf,0.3,euclidean
0.6365352992052018,0.5458498001098633,257,0.5148014637609919,0.48519853623900816,36,5,eom,0.0,euclidean
0.28267015567357456,-0.043141789734363556,7,0.9962313616254301,0.0037686383745698837,36,5,eom,0.02,euclidean
0.552773507487475,0.35549020767211914,2,0.9997678737233054,0.00023212627669452182,36,5,eom,0.05,euclidean
0.552773507487475,0.35549020767211914,2,0.9997678737233054,0.00023212627669452182,36,5,eom,0.1,euclidean
0.552773507487475,0.35549020767211914,2,0.9997678737233054,0.00023212627669452182,36,5,eom,0.2,euclidean
0.552773507487475,0.35549020767211914,2,0.9997678737233054,0.00023212627669452182,36,5,eom,0.3,euclidean
0.6171232057930347,0.5591987371444702,303,0.4189469659730187,0.5810530340269813,36,5,leaf,0.0,euclidean
0.28267015567357456,-0.043141789734363556,7,0.9962313616254301,0.0037686383745698837,36,5,leaf,0.02,euclidean
0.552773507487475,0.35549020767211914,2,0.9997678737233054,0.00023212627669452182,36,5,leaf,0.05,euclidean
0.552773507487475,0.35549020767211914,2,0.9997678737233054,0.00023212627669452182,36,5,leaf,0.1,euclidean
0.552773507487475,0.35549020767211914,2,0.9997678737233054,0.00023212627669452182,36,5,leaf,0.2,euclidean
0.552773507487475,0.35549020767211914,2,0.9997678737233054,0.00023212627669452182,36,5,leaf,0.3,euclidean
0.6459992374384304,0.5669069886207581,235,0.4972144846796657,0.5027855153203342,36,10,eom,0.0,euclidean
0.22444217651729872,-0.1313132643699646,9,0.9945382052542465,0.0054617947457534545,36,10,eom,0.02,euclidean
0.5528172523041308,0.35573410987854004,2,0.9993445846305096,0.0006554153694904145,36,10,eom,0.05,euclidean
0.5528172523041308,0.35573410987854004,2,0.9993445846305096,0.0006554153694904145,36,10,eom,0.1,euclidean
0.5528172523041308,0.35573410987854004,2,0.9993445846305096,0.0006554153694904145,36,10,eom,0.2,euclidean
0.5528172523041308,0.35573410987854004,2,0.9993445846305096,0.0006554153694904145,36,10,eom,0.3,euclidean
0.6377231626936046,0.5901487469673157,270,0.415396799388279,0.584603200611721,36,10,leaf,0.0,euclidean
0.22444217651729872,-0.1313132643699646,9,0.9945382052542465,0.0054617947457534545,36,10,leaf,0.02,euclidean
0.5528172523041308,0.35573410987854004,2,0.9993445846305096,0.0006554153694904145,36,10,leaf,0.05,euclidean
0.5528172523041308,0.35573410987854004,2,0.9993445846305096,0.0006554153694904145,36,10,leaf,0.1,euclidean
0.5528172523041308,0.35573410987854004,2,0.9993445846305096,0.0006554153694904145,36,10,leaf,0.2,euclidean
0.5528172523041308,0.35573410987854004,2,0.9993445846305096,0.0006554153694904145,36,10,leaf,0.3,euclidean
0.6193698016860417,0.5272205471992493,212,0.5010513954885576,0.49894860451144246,36,15,eom,0.0,euclidean
0.1983624290938985,-0.17012806236743927,10,0.9915069091703533,0.008493090829646622,36,15,eom,0.02,euclidean
0.5215845574398579,0.3082588315010071,3,0.9993445846305096,0.0006554153694904145,36,15,eom,0.05,euclidean
0.5528172523041308,0.35573410987854004,2,0.9993445846305096,0.0006554153694904145,36,15,eom,0.1,euclidean
0.5528172523041308,0.35573410987854004,2,0.9993445846305096,0.0006554153694904145,36,15,eom,0.2,euclidean
0.5528172523041308,0.35573410987854004,2,0.9993445846305096,0.0006554153694904145,36,15,eom,0.3,euclidean
0.6402728551267777,0.5986424088478088,248,0.40407722977770494,0.595922770222295,36,15,leaf,0.0,euclidean
0.1983624290938985,-0.17012806236743927,10,0.9915069091703533,0.008493090829646622,36,15,leaf,0.02,euclidean
0.5215845574398579,0.3082588315010071,3,0.9993445846305096,0.0006554153694904145,36,15,leaf,0.05,euclidean
0.5528172523041308,0.35573410987854004,2,0.9993445846305096,0.0006554153694904145,36,15,leaf,0.1,euclidean
0.5528172523041308,0.35573410987854004,2,0.9993445846305096,0.0006554153694904145,36,15,leaf,0.2,euclidean
0.5528172523041308,0.35573410987854004,2,0.9993445846305096,0.0006554153694904145,36,15,leaf,0.3,euclidean
0.6112618952305926,0.4860914647579193,235,0.5699928996668305,0.43000710033316947,50,1,eom,0.0,euclidean
0.31044995854509444,0.0022169651929289103,5,0.9963269430334808,0.003673056966519198,50,1,eom,0.02,euclidean
0.552773507487475,0.35549020767211914,2,0.9997678737233054,0.00023212627669452182,50,1,eom,0.05,euclidean
0.552773507487475,0.35549020767211914,2,0.9997678737233054,0.00023212627669452182,50,1,eom,0.1,euclidean
0.552773507487475,0.35549020767211914,2,0.9997678737233054,0.00023212627669452182,50,1,eom,0.2,euclidean
0.552773507487475,0.35549020767211914,2,0.9997678737233054,0.00023212627669452182,50,1,eom,0.3,euclidean
0.5970964705086567,0.5029212236404419,277,0.48350537986782455,0.5164946201321754,50,1,leaf,0.0,euclidean
0.31044995854509444,0.0022169651929289103,5,0.9963269430334808,0.003673056966519198,50,1,leaf,0.02,euclidean
0.552773507487475,0.35549020767211914,2,0.9997678737233054,0.00023212627669452182,50,1,leaf,0.05,euclidean
0.552773507487475,0.35549020767211914,2,0.9997678737233054,0.00023212627669452182,50,1,leaf,0.1,euclidean
0.552773507487475,0.35549020767211914,2,0.9997678737233054,0.00023212627669452182,50,1,leaf,0.2,euclidean
0.552773507487475,0.35549020767211914,2,0.9997678737233054,0.00023212627669452182,50,1,leaf,0.3,euclidean
0.6126392356234652,0.4986744821071625,214,0.5452236604948386,0.4547763395051614,50,2,eom,0.0,euclidean
0.310266892834731,0.002201223513111472,5,0.9957534545851767,0.004246545414823311,50,2,eom,0.02,euclidean
0.552773507487475,0.35549020767211914,2,0.9997678737233054,0.00023212627669452182,50,2,eom,0.05,euclidean
0.552773507487475,0.35549020767211914,2,0.9997678737233054,0.00023212627669452182,50,2,eom,0.1,euclidean
0.552773507487475,0.35549020767211914,2,0.9997678737233054,0.00023212627669452182,50,2,eom,0.2,euclidean
0.552773507487475,0.35549020767211914,2,0.9997678737233054,0.00023212627669452182,50,2,eom,0.3,euclidean
0.6018010564511005,0.5188646912574768,250,0.46198590856955596,0.5380140914304441,50,2,leaf,0.0,euclidean
0.310266892834731,0.002201223513111472,5,0.9957534545851767,0.004246545414823311,50,2,leaf,0.02,euclidean
0.552773507487475,0.35549020767211914,2,0.9997678737233054,0.00023212627669452182,50,2,leaf,0.05,euclidean
0.552773507487475,0.35549020767211914,2,0.9997678737233054,0.00023212627669452182,50,2,leaf,0.1,euclidean
0.552773507487475,0.35549020767211914,2,0.9997678737233054,0.00023212627669452182,50,2,leaf,0.2,euclidean
0.552773507487475,0.35549020767211914,2,0.9997678737233054,0.00023212627669452182,50,2,leaf,0.3,euclidean
0.6239452255791803,0.5254763960838318,192,0.5203724944016603,0.4796275055983396,50,5,eom,0.0,euclidean
0.28948143369145474,-0.030337728559970856,6,0.9957261456114479,0.004273854388552078,50,5,eom,0.02,euclidean
0.552773507487475,0.35549020767211914,2,0.9997678737233054,0.00023212627669452182,50,5,eom,0.05,euclidean
0.552773507487475,0.35549020767211914,2,0.9997678737233054,0.00023212627669452182,50,5,eom,0.1,euclidean
0.552773507487475,0.35549020767211914,2,0.9997678737233054,0.00023212627669452182,50,5,eom,0.2,euclidean
0.552773507487475,0.35549020767211914,2,0.9997678737233054,0.00023212627669452182,50,5,eom,0.3,euclidean
0.6208648636373129,0.5639880299568176,228,0.4202441422251352,0.5797558577748648,50,5,leaf,0.0,euclidean
0.28948143369145474,-0.030337728559970856,6,0.9957261456114479,0.004273854388552078,50,5,leaf,0.02,euclidean
0.552773507487475,0.35549020767211914,2,0.9997678737233054,0.00023212627669452182,50,5,leaf,0.05,euclidean
0.552773507487475,0.35549020767211914,2,0.9997678737233054,0.00023212627669452182,50,5,leaf,0.1,euclidean
0.552773507487475,0.35549020767211914,2,0.9997678737233054,0.00023212627669452182,50,5,leaf,0.2,euclidean
0.552773507487475,0.35549020767211914,2,0.9997678737233054,0.00023212627669452182,50,5,leaf,0.3,euclidean
0.6376244460503117,0.5561660528182983,189,0.49436069692500956,0.5056393030749904,50,10,eom,0.0,euclidean
0.23165136918323503,-0.117940753698349,8,0.9940329892402644,0.005967010759735649,50,10,eom,0.02,euclidean
0.5528172523041308,0.35573410987854004,2,0.9993445846305096,0.0006554153694904145,50,10,eom,0.05,euclidean
0.5528172523041308,0.35573410987854004,2,0.9993445846305096,0.0006554153694904145,50,10,eom,0.1,euclidean
0.5528172523041308,0.35573410987854004,2,0.9993445846305096,0.0006554153694904145,50,10,eom,0.2,euclidean
0.5528172523041308,0.35573410987854004,2,0.9993445846305096,0.0006554153694904145,50,10,eom,0.3,euclidean
0.6362228055957807,0.5878005623817444,219,0.4158747064285324,0.5841252935714676,50,10,leaf,0.0,euclidean
0.23165136918323503,-0.117940753698349,8,0.9940329892402644,0.005967010759735649,50,10,leaf,0.02,euclidean
0.5528172523041308,0.35573410987854004,2,0.9993445846305096,0.0006554153694904145,50,10,leaf,0.05,euclidean
0.5528172523041308,0.35573410987854004,2,0.9993445846305096,0.0006554153694904145,50,10,leaf,0.1,euclidean
0.5528172523041308,0.35573410987854004,2,0.9993445846305096,0.0006554153694904145,50,10,leaf,0.2,euclidean
0.5528172523041308,0.35573410987854004,2,0.9993445846305096,0.0006554153694904145,50,10,leaf,0.3,euclidean
0.633440854413459,0.5475093126296997,172,0.5006144519088973,0.49938554809110275,50,15,eom,0.0,euclidean
0.20462334613412908,-0.15811023116111755,9,0.9910016931563712,0.008998306843628817,50,15,eom,0.02,euclidean
0.5215845574398579,0.3082588315010071,3,0.9993445846305096,0.0006554153694904145,50,15,eom,0.05,euclidean
0.5528172523041308,0.35573410987854004,2,0.9993445846305096,0.0006554153694904145,50,15,eom,0.1,euclidean
0.5528172523041308,0.35573410987854004,2,0.9993445846305096,0.0006554153694904145,50,15,eom,0.2,euclidean
0.5528172523041308,0.35573410987854004,2,0.9993445846305096,0.0006554153694904145,50,15,eom,0.3,euclidean
0.6394619185407299,0.5950670838356018,203,0.4097165328526954,0.5902834671473046,50,15,leaf,0.0,euclidean
0.20462334613412908,-0.15811023116111755,9,0.9910016931563712,0.008998306843628817,50,15,leaf,0.02,euclidean
0.5215845574398579,0.3082588315010071,3,0.9993445846305096,0.0006554153694904145,50,15,leaf,0.05,euclidean
0.5528172523041308,0.35573410987854004,2,0.9993445846305096,0.0006554153694904145,50,15,leaf,0.1,euclidean
0.5528172523041308,0.35573410987854004,2,0.9993445846305096,0.0006554153694904145,50,15,leaf,0.2,euclidean
0.5528172523041308,0.35573410987854004,2,0.9993445846305096,0.0006554153694904145,50,15,leaf,0.3,euclidean
0.6099350951757271,0.4875316321849823,168,0.5622098421541318,0.43779015784586817,73,1,eom,0.0,euclidean
0.34827345031363377,0.062187183648347855,3,0.9958080725326343,0.004191927467365776,73,1,eom,0.02,euclidean
0.552773507487475,0.35549020767211914,2,0.9997678737233054,0.00023212627669452182,73,1,eom,0.05,euclidean
0.552773507487475,0.35549020767211914,2,0.9997678737233054,0.00023212627669452182,73,1,eom,0.1,euclidean
0.552773507487475,0.35549020767211914,2,0.9997678737233054,0.00023212627669452182,73,1,eom,0.2,euclidean
0.552773507487475,0.35549020767211914,2,0.9997678737233054,0.00023212627669452182,73,1,eom,0.3,euclidean
0.5992203053179167,0.5098819136619568,193,0.47434321918182315,0.5256567808181769,73,1,leaf,0.0,euclidean
0.34827345031363377,0.062187183648347855,3,0.9958080725326343,0.004191927467365776,73,1,leaf,0.02,euclidean
0.552773507487475,0.35549020767211914,2,0.9997678737233054,0.00023212627669452182,73,1,leaf,0.05,euclidean
0.552773507487475,0.35549020767211914,2,0.9997678737233054,0.00023212627669452182,73,1,leaf,0.1,euclidean
0.552773507487475,0.35549020767211914,2,0.9997678737233054,0.00023212627669452182,73,1,leaf,0.2,euclidean
0.552773507487475,0.35549020767211914,2,0.9997678737233054,0.00023212627669452182,73,1,leaf,0.3,euclidean
0.6145566326828056,0.5058727860450745,157,0.5348189415041783,0.46518105849582175,73,2,eom,0.0,euclidean
0.3481235264661213,0.062201231718063354,3,0.9952755475449233,0.004724452455076738,73,2,eom,0.02,euclidean
0.552773507487475,0.35549020767211914,2,0.9997678737233054,0.00023212627669452182,73,2,eom,0.05,euclidean
0.552773507487475,0.35549020767211914,2,0.9997678737233054,0.00023212627669452182,73,2,eom,0.1,euclidean
0.552773507487475,0.35549020767211914,2,0.9997678737233054,0.00023212627669452182,73,2,eom,0.2,euclidean
0.552773507487475,0.35549020767211914,2,0.9997678737233054,0.00023212627669452182,73,2,eom,0.3,euclidean
0.6030805762441513,0.5257661938667297,181,0.45014746845813536,0.5498525315418646,73,2,leaf,0.0,euclidean
0.3481235264661213,0.062201231718063354,3,0.9952755475449233,0.004724452455076738,73,2,leaf,0.02,euclidean
0.552773507487475,0.35549020767211914,2,0.9997678737233054,0.00023212627669452182,73,2,leaf,0.05,euclidean
0.552773507487475,0.35549020767211914,2,0.9997678737233054,0.00023212627669452182,73,2,leaf,0.1,euclidean
0.552773507487475,0.35549020767211914,2,0.9997678737233054,0.00023212627669452182,73,2,leaf,0.2,euclidean
0.552773507487475,0.35549020767211914,2,0.9997678737233054,0.00023212627669452182,73,2,leaf,0.3,euclidean
0.6219310188291504,0.5253259539604187,143,0.5140095035228576,0.4859904964771424,73,5,eom,0.0,euclidean
0.31531498659738705,0.012568376958370209,4,0.9950570757550932,0.0049429242449068765,73,5,eom,0.02,euclidean
0.552773507487475,0.35549020767211914,2,0.9997678737233054,0.00023212627669452182,73,5,eom,0.05,euclidean
0.552773507487475,0.35549020767211914,2,0.9997678737233054,0.00023212627669452182,73,5,eom,0.1,euclidean
0.552773507487475,0.35549020767211914,2,0.9997678737233054,0.00023212627669452182,73,5,eom,0.2,euclidean
0.552773507487475,0.35549020767211914,2,0.9997678737233054,0.00023212627669452182,73,5,eom,0.3,euclidean
0.6127701850449592,0.5425110459327698,162,0.4433748429734011,0.556625157026599,73,5,leaf,0.0,euclidean
0.31531498659738705,0.012568376958370209,4,0.9950570757550932,0.0049429242449068765,73,5,leaf,0.02,euclidean
0.552773507487475,0.35549020767211914,2,0.9997678737233054,0.00023212627669452182,73,5,leaf,0.05,euclidean
0.552773507487475,0.35549020767211914,2,0.9997678737233054,0.00023212627669452182,73,5,leaf,0.1,euclidean
0.552773507487475,0.35549020767211914,2,0.9997678737233054,0.00023212627669452182,73,5,leaf,0.2,euclidean
0.552773507487475,0.35549020767211914,2,0.9997678737233054,0.00023212627669452182,73,5,leaf,0.3,euclidean
0.6322766985079509,0.5519556403160095,143,0.48635916762248077,0.5136408323775192,73,10,eom,0.0,euclidean
0.34630584813898585,0.05548783764243126,5,0.9915478726309466,0.00845212736905347,73,10,eom,0.02,euclidean
0.5528172523041308,0.35573410987854004,2,0.9993445846305096,0.0006554153694904145,73,10,eom,0.05,euclidean
0.5528172523041308,0.35573410987854004,2,0.9993445846305096,0.0006554153694904145,73,10,eom,0.1,euclidean
0.5528172523041308,0.35573410987854004,2,0.9993445846305096,0.0006554153694904145,73,10,eom,0.2,euclidean
0.5528172523041308,0.35573410987854004,2,0.9993445846305096,0.0006554153694904145,73,10,eom,0.3,euclidean
0.6274235908211244,0.5675057172775269,156,0.4338986290895188,0.5661013709104812,73,10,leaf,0.0,euclidean
0.34630584813898585,0.05548783764243126,5,0.9915478726309466,0.00845212736905347,73,10,leaf,0.02,euclidean
0.5528172523041308,0.35573410987854004,2,0.9993445846305096,0.0006554153694904145,73,10,leaf,0.05,euclidean
0.5528172523041308,0.35573410987854004,2,0.9993445846305096,0.0006554153694904145,73,10,leaf,0.1,euclidean
0.5528172523041308,0.35573410987854004,2,0.9993445846305096,0.0006554153694904145,73,10,leaf,0.2,euclidean
0.5528172523041308,0.35573410987854004,2,0.9993445846305096,0.0006554153694904145,73,10,leaf,0.3,euclidean
0.6174628178301392,0.5235658288002014,126,0.5032224588999945,0.49677754110000544,73,15,eom,0.0,euclidean
0.34623168578244135,0.05616604909300804,5,0.9897181713911192,0.010281828608880878,73,15,eom,0.02,euclidean
0.5215845574398579,0.3082588315010071,3,0.9993445846305096,0.0006554153694904145,73,15,eom,0.05,euclidean
0.5528172523041308,0.35573410987854004,2,0.9993445846305096,0.0006554153694904145,73,15,eom,0.1,euclidean
0.5528172523041308,0.35573410987854004,2,0.9993445846305096,0.0006554153694904145,73,15,eom,0.2,euclidean
0.5528172523041308,0.35573410987854004,2,0.9993445846305096,0.0006554153694904145,73,15,eom,0.3,euclidean
0.6352694925345027,0.5820731520652771,145,0.4260609536293626,0.5739390463706374,73,15,leaf,0.0,euclidean
0.34623168578244135,0.05616604909300804,5,0.9897181713911192,0.010281828608880878,73,15,leaf,0.02,euclidean
0.5215845574398579,0.3082588315010071,3,0.9993445846305096,0.0006554153694904145,73,15,leaf,0.05,euclidean
0.5528172523041308,0.35573410987854004,2,0.9993445846305096,0.0006554153694904145,73,15,leaf,0.1,euclidean
0.5528172523041308,0.35573410987854004,2,0.9993445846305096,0.0006554153694904145,73,15,leaf,0.2,euclidean
0.5528172523041308,0.35573410987854004,2,0.9993445846305096,0.0006554153694904145,73,15,leaf,0.3,euclidean
0.6157297947085257,0.505629301071167,125,0.5392976131956961,0.4607023868043039,100,1,eom,0.0,euclidean
0.552773507487475,0.35549020767211914,2,0.9997678737233054,0.00023212627669452182,100,1,eom,0.02,euclidean
0.552773507487475,0.35549020767211914,2,0.9997678737233054,0.00023212627669452182,100,1,eom,0.05,euclidean
0.552773507487475,0.35549020767211914,2,0.9997678737233054,0.00023212627669452182,100,1,eom,0.1,euclidean
0.552773507487475,0.35549020767211914,2,0.9997678737233054,0.00023212627669452182,100,1,eom,0.2,euclidean
0.552773507487475,0.35549020767211914,2,0.9997678737233054,0.00023212627669452182,100,1,eom,0.3,euclidean
0.5949531902104503,0.49833789467811584,140,0.4870555464525643,0.5129444535474357,100,1,leaf,0.0,euclidean
0.552773507487475,0.35549020767211914,2,0.9997678737233054,0.00023212627669452182,100,1,leaf,0.02,euclidean
0.552773507487475,0.35549020767211914,2,0.9997678737233054,0.00023212627669452182,100,1,leaf,0.05,euclidean
0.552773507487475,0.35549020767211914,2,0.9997678737233054,0.00023212627669452182,100,1,leaf,0.1,euclidean
0.552773507487475,0.35549020767211914,2,0.9997678737233054,0.00023212627669452182,100,1,leaf,0.2,euclidean
0.552773507487475,0.35549020767211914,2,0.9997678737233054,0.00023212627669452182,100,1,leaf,0.3,euclidean
0.617797166607174,0.5143819451332092,116,0.525766016713092,0.4742339832869081,100,2,eom,0.0,euclidean
0.552773507487475,0.35549020767211914,2,0.9997678737233054,0.00023212627669452182,100,2,eom,0.02,euclidean
0.552773507487475,0.35549020767211914,2,0.9997678737233054,0.00023212627669452182,100,2,eom,0.05,euclidean
0.552773507487475,0.35549020767211914,2,0.9997678737233054,0.00023212627669452182,100,2,eom,0.1,euclidean
0.552773507487475,0.35549020767211914,2,0.9997678737233054,0.00023212627669452182,100,2,eom,0.2,euclidean
0.552773507487475,0.35549020767211914,2,0.9997678737233054,0.00023212627669452182,100,2,eom,0.3,euclidean
0.598281870174658,0.513802170753479,130,0.46206783549074226,0.5379321645092577,100,2,leaf,0.0,euclidean
0.552773507487475,0.35549020767211914,2,0.9997678737233054,0.00023212627669452182,100,2,leaf,0.02,euclidean
0.552773507487475,0.35549020767211914,2,0.9997678737233054,0.00023212627669452182,100,2,leaf,0.05,euclidean
0.552773507487475,0.35549020767211914,2,0.9997678737233054,0.00023212627669452182,100,2,leaf,0.1,euclidean
0.552773507487475,0.35549020767211914,2,0.9997678737233054,0.00023212627669452182,100,2,leaf,0.2,euclidean
0.552773507487475,0.35549020767211914,2,0.9997678737233054,0.00023212627669452182,100,2,leaf,0.3,euclidean
0.6155913048204233,0.52250736951828,105,0.49945382052542464,0.5005461794745754,100,5,eom,0.0,euclidean
0.3934184087971166,0.1274348795413971,3,0.9940466437271287,0.0059533562728712654,100,5,eom,0.02,euclidean
0.552773507487475,0.35549020767211914,2,0.9997678737233054,0.00023212627669452182,100,5,eom,0.05,euclidean
0.552773507487475,0.35549020767211914,2,0.9997678737233054,0.00023212627669452182,100,5,eom,0.1,euclidean
0.552773507487475,0.35549020767211914,2,0.9997678737233054,0.00023212627669452182,100,5,eom,0.2,euclidean
0.552773507487475,0.35549020767211914,2,0.9997678737233054,0.00023212627669452182,100,5,eom,0.3,euclidean
0.5964856836632902,0.5228112936019897,118,0.4350592604729914,0.5649407395270086,100,5,leaf,0.0,euclidean
0.3934184087971166,0.1274348795413971,3,0.9940466437271287,0.0059533562728712654,100,5,leaf,0.02,euclidean
0.552773507487475,0.35549020767211914,2,0.9997678737233054,0.00023212627669452182,100,5,leaf,0.05,euclidean
0.552773507487475,0.35549020767211914,2,0.9997678737233054,0.00023212627669452182,100,5,leaf,0.1,euclidean
0.552773507487475,0.35549020767211914,2,0.9997678737233054,0.00023212627669452182,100,5,leaf,0.2,euclidean
0.552773507487475,0.35549020767211914,2,0.9997678737233054,0.00023212627669452182,100,5,leaf,0.3,euclidean
0.6136597700379196,0.5192564725875854,98,0.5006007974220329,0.4993992025779671,100,10,eom,0.0,euclidean
0.4054400429164662,0.14340174198150635,4,0.9901960784313726,0.00980392156862745,100,10,eom,0.02,euclidean
0.5528172523041308,0.35573410987854004,2,0.9993445846305096,0.0006554153694904145,100,10,eom,0.05,euclidean
0.5528172523041308,0.35573410987854004,2,0.9993445846305096,0.0006554153694904145,100,10,eom,0.1,euclidean
0.5528172523041308,0.35573410987854004,2,0.9993445846305096,0.0006554153694904145,100,10,eom,0.2,euclidean
0.5528172523041308,0.35573410987854004,2,0.9993445846305096,0.0006554153694904145,100,10,eom,0.3,euclidean
0.6185231363189312,0.5526723861694336,112,0.4388415533344257,0.5611584466655744,100,10,leaf,0.0,euclidean
0.4054400429164662,0.14340174198150635,4,0.9901960784313726,0.00980392156862745,100,10,leaf,0.02,euclidean
0.5528172523041308,0.35573410987854004,2,0.9993445846305096,0.0006554153694904145,100,10,leaf,0.05,euclidean
0.5528172523041308,0.35573410987854004,2,0.9993445846305096,0.0006554153694904145,100,10,leaf,0.1,euclidean
0.5528172523041308,0.35573410987854004,2,0.9993445846305096,0.0006554153694904145,100,10,leaf,0.2,euclidean
0.5528172523041308,0.35573410987854004,2,0.9993445846305096,0.0006554153694904145,100,10,leaf,0.3,euclidean
0.5962475282753683,0.4890214800834656,90,0.5131083073898083,0.4868916926101917,100,15,eom,0.0,euclidean
0.4051380582133922,0.14374864101409912,4,0.9883800316784095,0.011619968321590474,100,15,eom,0.02,euclidean
0.5215845574398579,0.3082588315010071,3,0.9993445846305096,0.0006554153694904145,100,15,eom,0.05,euclidean
0.5528172523041308,0.35573410987854004,2,0.9993445846305096,0.0006554153694904145,100,15,eom,0.1,euclidean
0.5528172523041308,0.35573410987854004,2,0.9993445846305096,0.0006554153694904145,100,15,eom,0.2,euclidean
0.5528172523041308,0.35573410987854004,2,0.9993445846305096,0.0006554153694904145,100,15,eom,0.3,euclidean
0.6217656185494941,0.5609326958656311,106,0.43037577147850786,0.5696242285214922,100,15,leaf,0.0,euclidean
0.4051380582133922,0.14374864101409912,4,0.9883800316784095,0.011619968321590474,100,15,leaf,0.02,euclidean
0.5215845574398579,0.3082588315010071,3,0.9993445846305096,0.0006554153694904145,100,15,leaf,0.05,euclidean
0.5528172523041308,0.35573410987854004,2,0.9993445846305096,0.0006554153694904145,100,15,leaf,0.1,euclidean
0.5528172523041308,0.35573410987854004,2,0.9993445846305096,0.0006554153694904145,100,15,leaf,0.2,euclidean
0.5528172523041308,0.35573410987854004,2,0.9993445846305096,0.0006554153694904145,100,15,leaf,0.3,euclidean
0.6091614995948333,0.4839452803134918,91,0.5679993445846305,0.43200065541536947,146,1,eom,0.0,euclidean
0.40142375703550803,0.1471412628889084,2,0.9814162433775738,0.018583756622426128,146,1,eom,0.02,euclidean
0.40142375703550803,0.1471412628889084,2,0.9814162433775738,0.018583756622426128,146,1,eom,0.05,euclidean
0.40142375703550803,0.1471412628889084,2,0.9814162433775738,0.018583756622426128,146,1,eom,0.1,euclidean
0.40142375703550803,0.1471412628889084,2,0.9814162433775738,0.018583756622426128,146,1,eom,0.2,euclidean
0.40142375703550803,0.1471412628889084,2,0.9814162433775738,0.018583756622426128,146,1,eom,0.3,euclidean
0.6035438418769258,0.4972854256629944,102,0.5181468130427659,0.48185318695723417,146,1,leaf,0.0,euclidean
0.40142375703550803,0.1471412628889084,2,0.9814162433775738,0.018583756622426128,146,1,leaf,0.02,euclidean
0.40142375703550803,0.1471412628889084,2,0.9814162433775738,0.018583756622426128,146,1,leaf,0.05,euclidean
0.40142375703550803,0.1471412628889084,2,0.9814162433775738,0.018583756622426128,146,1,leaf,0.1,euclidean
0.40142375703550803,0.1471412628889084,2,0.9814162433775738,0.018583756622426128,146,1,leaf,0.2,euclidean
0.40142375703550803,0.1471412628889084,2,0.9814162433775738,0.018583756622426128,146,1,leaf,0.3,euclidean
0.6119886456879947,0.49852922558784485,82,0.5433939592550112,0.4566060407449888,146,2,eom,0.0,euclidean
0.400450985844079,0.14662937819957733,2,0.9793680703479163,0.020631929652083675,146,2,eom,0.02,euclidean
0.400450985844079,0.14662937819957733,2,0.9793680703479163,0.020631929652083675,146,2,eom,0.05,euclidean
0.400450985844079,0.14662937819957733,2,0.9793680703479163,0.020631929652083675,146,2,eom,0.1,euclidean
0.400450985844079,0.14662937819957733,2,0.9793680703479163,0.020631929652083675,146,2,eom,0.2,euclidean
0.400450985844079,0.14662937819957733,2,0.9793680703479163,0.020631929652083675,146,2,eom,0.3,euclidean
0.6032270522053547,0.5076764822006226,93,0.49284504888306296,0.507154951116937,146,2,leaf,0.0,euclidean
0.400450985844079,0.14662937819957733,2,0.9793680703479163,0.020631929652083675,146,2,leaf,0.02,euclidean
0.400450985844079,0.14662937819957733,2,0.9793680703479163,0.020631929652083675,146,2,leaf,0.05,euclidean
0.400450985844079,0.14662937819957733,2,0.9793680703479163,0.020631929652083675,146,2,leaf,0.1,euclidean
0.400450985844079,0.14662937819957733,2,0.9793680703479163,0.020631929652083675,146,2,leaf,0.2,euclidean
0.400450985844079,0.14662937819957733,2,0.9793680703479163,0.020631929652083675,146,2,leaf,0.3,euclidean
0.6028026665368471,0.4917498826980591,76,0.5285924954940193,0.4714075045059807,146,5,eom,0.0,euclidean
0.40325716612259127,0.14509643614292145,2,0.9922988694084877,0.007701130591512371,146,5,eom,0.02,euclidean
0.40325716612259127,0.14509643614292145,2,0.9922988694084877,0.007701130591512371,146,5,eom,0.05,euclidean
0.40325716612259127,0.14509643614292145,2,0.9922988694084877,0.007701130591512371,146,5,eom,0.1,euclidean
0.40325716612259127,0.14509643614292145,2,0.9922988694084877,0.007701130591512371,146,5,eom,0.2,euclidean
0.40325716612259127,0.14509643614292145,2,0.9922988694084877,0.007701130591512371,146,5,eom,0.3,euclidean
0.5825315066239842,0.4846011996269226,87,0.4777022229504615,0.5222977770495385,146,5,leaf,0.0,euclidean
0.40325716612259127,0.14509643614292145,2,0.9922988694084877,0.007701130591512371,146,5,leaf,0.02,euclidean
0.40325716612259127,0.14509643614292145,2,0.9922988694084877,0.007701130591512371,146,5,leaf,0.05,euclidean
0.40325716612259127,0.14509643614292145,2,0.9922988694084877,0.007701130591512371,146,5,leaf,0.1,euclidean
0.40325716612259127,0.14509643614292145,2,0.9922988694084877,0.007701130591512371,146,5,leaf,0.2,euclidean
0.40325716612259127,0.14509643614292145,2,0.9922988694084877,0.007701130591512371,146,5,leaf,0.3,euclidean
0.5351822483672405,0.3871087431907654,65,0.5473537604456824,0.45264623955431754,146,10,eom,0.0,euclidean
0.40953120332240434,0.15285244584083557,3,0.9884483041127314,0.011551695887268556,146,10,eom,0.02,euclidean
0.5626470341567189,0.372398316860199,2,0.9932273745152658,0.006772625484734284,146,10,eom,0.05,euclidean
0.5626470341567189,0.372398316860199,2,0.9932273745152658,0.006772625484734284,146,10,eom,0.1,euclidean
0.5626470341567189,0.372398316860199,2,0.9932273745152658,0.006772625484734284,146,10,eom,0.2,euclidean
0.5626470341567189,0.372398316860199,2,0.9932273745152658,0.006772625484734284,146,10,eom,0.3,euclidean
0.5889724683921767,0.5122946500778198,85,0.43455404445900925,0.5654459555409908,146,10,leaf,0.0,euclidean
